measure,location,sex,age,cause,metric,year,val,upper,lower
Deaths,India,Male,40 to 44,Ischemic heart disease,Number,2010,35066.034275064616,36896.41848315469,33347.80484596451
Deaths,India,Female,40 to 44,Ischemic heart disease,Number,2010,12026.85480263752,12916.42615076268,11156.551249023969
Deaths,India,Male,45 to 49,Ischemic heart disease,Number,2010,48133.48401242792,50445.86738813345,45823.65962389969
Deaths,India,Female,45 to 49,Ischemic heart disease,Number,2010,16555.786542038768,17631.762465345,15398.651591478467
Deaths,India,Male,50 to 54,Ischemic heart disease,Number,2010,63173.19110086845,65991.27351635217,60070.762023553296
Deaths,India,Female,50 to 54,Ischemic heart disease,Number,2010,20157.657156448186,21505.285634093725,18740.69842028591
Deaths,India,Male,55 to 59,Ischemic heart disease,Number,2010,71593.28502257053,74988.00582812977,68137.57252227774
Deaths,India,Female,55 to 59,Ischemic heart disease,Number,2010,33176.86529374571,35349.06250107973,31142.115332644622
Deaths,India,Male,60 to 64,Ischemic heart disease,Number,2010,92723.40810095682,97210.53572981145,87781.2031744164
Deaths,India,Female,60 to 64,Ischemic heart disease,Number,2010,48089.91811874657,51610.88916346414,44776.9166890264
Deaths,India,Male,65 to 69,Ischemic heart disease,Number,2010,99284.16609279026,104547.09848029158,92053.86403491002
Deaths,India,Female,65 to 69,Ischemic heart disease,Number,2010,57901.167457396536,61811.16729596693,52372.14698678693
Deaths,India,Male,70 to 74,Ischemic heart disease,Number,2010,99430.88716083966,105710.58806720359,91351.05956180906
Deaths,India,Female,70 to 74,Ischemic heart disease,Number,2010,67927.99201951174,73296.6264031318,61491.40699477763
Deaths,India,Male,75 to 79,Ischemic heart disease,Number,2010,90286.35769230366,96101.83780975809,82836.83212444276
Deaths,India,Female,75 to 79,Ischemic heart disease,Number,2010,70855.87564770575,77270.53592465747,63681.77678932144
Deaths,India,Male,80 plus,Ischemic heart disease,Number,2010,114394.04678808669,125219.6818476306,99948.04498626693
Deaths,India,Female,80 plus,Ischemic heart disease,Number,2010,96004.58867680159,107761.30859132754,85206.87223028218
Deaths,India,Male,40 to 44,Stroke,Number,2010,9069.308046768037,9812.743211734156,8420.813533199418
Deaths,India,Female,40 to 44,Stroke,Number,2010,5293.446379848646,5808.789297455067,4866.280491329684
Deaths,India,Male,45 to 49,Stroke,Number,2010,12877.318660234574,13826.845077550677,12021.71150089649
Deaths,India,Female,45 to 49,Stroke,Number,2010,8369.336098518506,9105.062182762633,7717.117871399515
Deaths,India,Male,50 to 54,Stroke,Number,2010,20371.12370785589,21751.62317185101,19072.574555022482
Deaths,India,Female,50 to 54,Stroke,Number,2010,11016.610601731598,11860.681574438975,10235.22162621609
Deaths,India,Male,55 to 59,Stroke,Number,2010,26888.002887672814,28513.16084322998,25424.723273800475
Deaths,India,Female,55 to 59,Stroke,Number,2010,18633.041487151426,19830.792067385522,17342.855239602563
Deaths,India,Male,60 to 64,Stroke,Number,2010,41723.47555225936,44456.17962166864,38911.123377629934
Deaths,India,Female,60 to 64,Stroke,Number,2010,32292.045439776877,34810.78811027468,29892.10660100114
Deaths,India,Male,65 to 69,Stroke,Number,2010,52938.8223415379,56588.20692749058,48656.2653761875
Deaths,India,Female,65 to 69,Stroke,Number,2010,41206.74106691814,44157.435043909056,37336.6249390862
Deaths,India,Male,70 to 74,Stroke,Number,2010,51567.38271979236,55463.69292478539,46883.77380027196
Deaths,India,Female,70 to 74,Stroke,Number,2010,45242.25137922229,49061.245719022634,40785.00344490913
Deaths,India,Male,75 to 79,Stroke,Number,2010,47429.65383100128,51476.557006723735,43004.11360379269
Deaths,India,Female,75 to 79,Stroke,Number,2010,44567.580785673475,49019.921749963185,39629.38317897831
Deaths,India,Male,80 plus,Stroke,Number,2010,47642.37161753557,53006.77782285413,41101.74807681675
Deaths,India,Female,80 plus,Stroke,Number,2010,48994.02685523511,55699.08768372413,43191.55969848105
Deaths,India,Male,40 to 44,All causes,Number,2009,211491.75894795457,216306.53588895113,207062.24453505367
Deaths,India,Female,40 to 44,All causes,Number,2009,111223.67080180992,114024.56472958246,108703.7351566316
Deaths,India,Male,45 to 49,All causes,Number,2009,234261.51924658602,239433.59373726934,229402.43271177472
Deaths,India,Female,45 to 49,All causes,Number,2009,114142.78726281422,116660.30694999655,111728.95219987724
Deaths,India,Male,50 to 54,All causes,Number,2009,268999.1016829762,275624.2662673548,262939.96469495754
Deaths,India,Female,50 to 54,All causes,Number,2009,131511.23584032446,134572.64960075688,128513.36460846596
Deaths,India,Male,55 to 59,All causes,Number,2009,284836.7257440218,291108.32404283073,278801.74258849607
Deaths,India,Female,55 to 59,All causes,Number,2009,186591.94027363445,191145.83370367982,182261.346679981
Deaths,India,Male,60 to 64,All causes,Number,2009,412457.9443924244,420773.8640616444,404230.0458043004
Deaths,India,Female,60 to 64,All causes,Number,2009,287159.1202836422,293580.42085263424,280885.13459233113
Deaths,India,Male,65 to 69,All causes,Number,2009,472064.25068171,480736.1643799809,463320.67480901437
Deaths,India,Female,65 to 69,All causes,Number,2009,342714.0229346013,350218.4395560707,335568.68020183296
Deaths,India,Male,70 to 74,All causes,Number,2009,493536.40763339703,502223.2933638039,484805.91680671135
Deaths,India,Female,70 to 74,All causes,Number,2009,421061.69060450856,429730.20156540273,412670.5186094647
Deaths,India,Male,75 to 79,All causes,Number,2009,471721.7460429149,480416.3762348281,463350.72631777637
Deaths,India,Female,75 to 79,All causes,Number,2009,428181.65363672,437226.63793875277,419669.01260736154
Deaths,India,Male,80 plus,All causes,Number,2009,601502.8993738889,610530.2218193697,593188.6707151568
Deaths,India,Female,80 plus,All causes,Number,2009,622716.3844981969,633233.414500817,612890.9496927242
Deaths,India,Male,40 to 44,All causes,Number,2013,206015.43117568915,210184.24605307603,201647.9085936587
Deaths,India,Female,40 to 44,All causes,Number,2013,113075.30327612418,115873.75877353198,110594.19621708847
Deaths,India,Male,45 to 49,All causes,Number,2013,249488.67334981065,254835.4468551663,244032.5627288987
Deaths,India,Female,45 to 49,All causes,Number,2013,125803.62906511044,128521.24591214962,123373.6274619658
Deaths,India,Male,50 to 54,All causes,Number,2013,287026.6863894442,293117.23805322463,280880.4844017429
Deaths,India,Female,50 to 54,All causes,Number,2013,187424.96219809048,191590.05841108056,183613.6300144701
Deaths,India,Male,55 to 59,All causes,Number,2013,370941.2810354535,377856.43148194294,363577.6358894316
Deaths,India,Female,55 to 59,All causes,Number,2013,224709.13308313853,229885.80794930382,219983.4153086257
Deaths,India,Male,60 to 64,All causes,Number,2013,454693.84638713085,462816.4092174171,446444.6874244621
Deaths,India,Female,60 to 64,All causes,Number,2013,319802.83369201224,326805.03642392287,313485.3665095533
Deaths,India,Male,65 to 69,All causes,Number,2013,519279.0142313821,527969.3259855515,510342.44529224775
Deaths,India,Female,65 to 69,All causes,Number,2013,370565.4540511173,378422.7097418354,363439.5959599771
Deaths,India,Male,70 to 74,All causes,Number,2013,541376.7072580041,550170.8452246124,532174.6253972667
Deaths,India,Female,70 to 74,All causes,Number,2013,454338.4905169253,463603.4215603809,445659.1896438976
Deaths,India,Male,75 to 79,All causes,Number,2013,496455.66805236007,504622.407596304,487683.7798561551
Deaths,India,Female,75 to 79,All causes,Number,2013,463159.9019320954,472845.83553802443,454354.4748208417
Deaths,India,Male,80 plus,All causes,Number,2013,722494.4711760593,731903.7897462589,712513.5649545266
Deaths,India,Female,80 plus,All causes,Number,2013,791604.6117093414,804440.619303508,779384.495036688
Deaths,India,Male,40 to 44,All causes,Number,2017,201199.32372412874,207676.28625413828,195165.09240790582
Deaths,India,Female,40 to 44,All causes,Number,2017,128933.40412192937,133919.8398096137,124372.20956591226
Deaths,India,Male,45 to 49,All causes,Number,2017,254556.93990942062,263245.26331602316,246421.5073476086
Deaths,India,Female,45 to 49,All causes,Number,2017,145371.5367199482,150246.52102442144,140937.70551018885
Deaths,India,Male,50 to 54,All causes,Number,2017,291872.5023117352,301285.5520093777,282859.93609770265
Deaths,India,Female,50 to 54,All causes,Number,2017,252427.6667663989,260780.7895875028,244510.91571481538
Deaths,India,Male,55 to 59,All causes,Number,2017,420114.93822890567,432771.4253390074,407835.4145040796
Deaths,India,Female,55 to 59,All causes,Number,2017,280283.7273040741,289031.6428547134,271622.1223515772
Deaths,India,Male,60 to 64,All causes,Number,2017,468907.799185341,481720.68356820353,456570.4319988332
Deaths,India,Female,60 to 64,All causes,Number,2017,371981.8435701669,383779.07775060215,360576.4224781683
Deaths,India,Male,65 to 69,All causes,Number,2017,545336.9369141305,559891.6647953573,531500.510363022
Deaths,India,Female,65 to 69,All causes,Number,2017,448101.19976545044,462731.8568589218,434335.8056029343
Deaths,India,Male,70 to 74,All causes,Number,2017,570309.5127446353,585403.2106300336,555967.1510317543
Deaths,India,Female,70 to 74,All causes,Number,2017,536883.8101064869,554567.5610926929,521148.72688772134
Deaths,India,Male,75 to 79,All causes,Number,2017,518623.14780230395,531551.7331229957,506402.5306509309
Deaths,India,Female,75 to 79,All causes,Number,2017,505074.36657244765,520744.8067248238,490721.57060487615
Deaths,India,Male,80 plus,All causes,Number,2017,823186.5066944017,839042.6185180345,808306.6560259387
Deaths,India,Female,80 plus,All causes,Number,2017,1038087.3951093919,1063449.5736389242,1014866.024183397
Deaths,India,Male,40 to 44,Ischemic heart disease,Number,2014,35116.60098788422,36825.23183672664,33428.70363818042
Deaths,India,Female,40 to 44,Ischemic heart disease,Number,2014,14695.84156995645,15806.812159311337,13642.343718307435
Deaths,India,Male,45 to 49,Ischemic heart disease,Number,2014,52400.28429114093,54854.40307456889,49702.78339927597
Deaths,India,Female,45 to 49,Ischemic heart disease,Number,2014,20522.96019876946,22063.57845902908,19144.504996169646
Deaths,India,Male,50 to 54,Ischemic heart disease,Number,2014,67901.81986062792,70830.73668220945,64433.95054630152
Deaths,India,Female,50 to 54,Ischemic heart disease,Number,2014,32580.303018710274,35039.645250986345,30272.27586042369
Deaths,India,Male,55 to 59,Ischemic heart disease,Number,2014,92654.53908908262,96781.65840709051,87748.99498823681
Deaths,India,Female,55 to 59,Ischemic heart disease,Number,2014,43265.38285755699,45876.984613334294,40206.29327260392
Deaths,India,Male,60 to 64,Ischemic heart disease,Number,2014,103681.69696473224,107935.59163489287,98725.50049552372
Deaths,India,Female,60 to 64,Ischemic heart disease,Number,2014,58177.662896623864,61993.41568656882,53614.93065480093
Deaths,India,Male,65 to 69,Ischemic heart disease,Number,2014,108919.4643641567,114103.98496891269,102372.51424594215
Deaths,India,Female,65 to 69,Ischemic heart disease,Number,2014,67521.5479329317,72307.8805978288,60938.23571652019
Deaths,India,Male,70 to 74,Ischemic heart disease,Number,2014,109666.50185052393,115609.65461977106,101905.73162886764
Deaths,India,Female,70 to 74,Ischemic heart disease,Number,2014,78211.99553817189,83526.31971365638,70002.02642784089
Deaths,India,Male,75 to 79,Ischemic heart disease,Number,2014,96388.38068963222,102023.01714587121,89325.54162512375
Deaths,India,Female,75 to 79,Ischemic heart disease,Number,2014,80057.40222891039,85929.88252484225,72109.59369515331
Deaths,India,Male,80 plus,Ischemic heart disease,Number,2014,145386.9494718916,155321.31748111648,130120.6721177776
Deaths,India,Female,80 plus,Ischemic heart disease,Number,2014,136894.7319113628,148913.3178771465,119555.40840389162
Deaths,India,Male,40 to 44,All causes,Number,2010,212274.41154219658,217027.71773658632,207827.81972222973
Deaths,India,Female,40 to 44,All causes,Number,2010,110609.80281675264,113277.36593372886,108235.65613466123
Deaths,India,Male,45 to 49,All causes,Number,2010,238891.3992218233,244439.6782946994,234016.38161536743
Deaths,India,Female,45 to 49,All causes,Number,2010,117410.00428129619,119864.26694388193,115113.49594549094
Deaths,India,Male,50 to 54,All causes,Number,2010,273210.52021820063,279785.70071570575,267188.7912822701
Deaths,India,Female,50 to 54,All causes,Number,2010,139795.87466525432,142938.52153200813,136965.8300967096
Deaths,India,Male,55 to 59,All causes,Number,2010,306284.511415931,312808.8952626851,300273.9388185661
Deaths,India,Female,55 to 59,All causes,Number,2010,199852.91749131808,204657.2574218382,195441.26145768855
Deaths,India,Male,60 to 64,All causes,Number,2010,419387.085485392,427816.55968855694,411691.01343382266
Deaths,India,Female,60 to 64,All causes,Number,2010,295152.4375362049,301716.61211650627,289139.7091089697
Deaths,India,Male,65 to 69,All causes,Number,2010,485896.6126697128,494822.86133242754,477378.02067343594
Deaths,India,Female,65 to 69,All causes,Number,2010,351385.6949117425,359044.6815982328,344670.9448752626
Deaths,India,Male,70 to 74,All causes,Number,2010,508496.4613481268,517446.5955325534,500004.85691987915
Deaths,India,Female,70 to 74,All causes,Number,2010,434356.689033373,443229.5499826058,426447.51449213736
Deaths,India,Male,75 to 79,All causes,Number,2010,483258.832892477,492001.7031490464,475219.55848032935
Deaths,India,Female,75 to 79,All causes,Number,2010,450386.97408336226,459915.94308196625,442061.6673657228
Deaths,India,Male,80 plus,All causes,Number,2010,635105.3874349571,644543.4564947276,626610.1281045014
Deaths,India,Female,80 plus,All causes,Number,2010,663350.0112104721,674336.9867686712,653611.8776539596
Deaths,India,Male,40 to 44,Stroke,Number,2014,8927.474903128212,9655.612376058521,8255.19858085363
Deaths,India,Female,40 to 44,Stroke,Number,2014,6164.819021401518,6753.677377520052,5633.973998137972
Deaths,India,Male,45 to 49,Stroke,Number,2014,13875.261981961447,14937.80849576706,12853.428584084171
Deaths,India,Female,45 to 49,Stroke,Number,2014,9966.92083683163,10826.23191991593,9168.383741719392
Deaths,India,Male,50 to 54,Stroke,Number,2014,21924.7908424151,23395.505694840525,20508.861902786986
Deaths,India,Female,50 to 54,Stroke,Number,2014,17461.606852244935,18873.336841006505,16062.151451107167
Deaths,India,Male,55 to 59,Stroke,Number,2014,34153.34303862628,36251.990028269654,32005.89308114954
Deaths,India,Female,55 to 59,Stroke,Number,2014,23385.419806777816,24888.426097302065,21628.477068602384
Deaths,India,Male,60 to 64,Stroke,Number,2014,45884.370856548405,48805.417998922065,43033.51317789308
Deaths,India,Female,60 to 64,Stroke,Number,2014,38549.27785740111,41409.78231315061,35265.3706361559
Deaths,India,Male,65 to 69,Stroke,Number,2014,56726.78504349198,60560.67071224579,52740.0798377915
Deaths,India,Female,65 to 69,Stroke,Number,2014,45988.11823991541,49713.30945762271,41262.67869689785
Deaths,India,Male,70 to 74,Stroke,Number,2014,55285.47901041465,59408.92522127364,50879.06900837525
Deaths,India,Female,70 to 74,Stroke,Number,2014,49797.165560058595,54251.97234250874,44559.584216366886
Deaths,India,Male,75 to 79,Stroke,Number,2014,48367.31741472748,52241.56617707579,44239.41957188829
Deaths,India,Female,75 to 79,Stroke,Number,2014,48448.38180610089,52765.27798300618,43459.9783359656
Deaths,India,Male,80 plus,Stroke,Number,2014,56421.849426169734,61266.668450227866,50382.90577790199
Deaths,India,Female,80 plus,Stroke,Number,2014,65882.09347351389,72238.42627760442,57985.76687529382
Deaths,India,Male,40 to 44,Ischemic heart disease,Number,2011,36529.60072016716,38375.417454794464,34784.70170849863
Deaths,India,Female,40 to 44,Ischemic heart disease,Number,2011,12584.598177750488,13487.420138351688,11693.819377301992
Deaths,India,Male,45 to 49,Ischemic heart disease,Number,2011,50461.94317246391,52845.28581087418,48122.889498715915
Deaths,India,Female,45 to 49,Ischemic heart disease,Number,2011,17338.627954804575,18477.949612047138,16136.900716924145
Deaths,India,Male,50 to 54,Ischemic heart disease,Number,2011,67068.50777404767,70049.13574834887,63866.73129367862
Deaths,India,Female,50 to 54,Ischemic heart disease,Number,2011,21690.265506803404,23100.446885433492,20201.614268009725
Deaths,India,Male,55 to 59,Ischemic heart disease,Number,2011,75750.76490442564,79160.17340120724,71979.09685580632
Deaths,India,Female,55 to 59,Ischemic heart disease,Number,2011,34814.43806299786,36922.64529558858,32603.521838937337
Deaths,India,Male,60 to 64,Ischemic heart disease,Number,2011,100439.38806224338,104976.74730725266,95204.4997127755
Deaths,India,Female,60 to 64,Ischemic heart disease,Number,2011,51448.64134125025,54834.74278093786,47849.824495235276
Deaths,India,Male,65 to 69,Ischemic heart disease,Number,2011,104182.07182018769,109600.98846394739,97036.35028072968
Deaths,India,Female,65 to 69,Ischemic heart disease,Number,2011,59711.34948678081,63800.152144747146,54133.5221661881
Deaths,India,Male,70 to 74,Ischemic heart disease,Number,2011,105194.19029610645,111233.53663572719,97106.03853859993
Deaths,India,Female,70 to 74,Ischemic heart disease,Number,2011,70322.35184480959,75420.64738811277,63189.69581121486
Deaths,India,Male,75 to 79,Ischemic heart disease,Number,2011,94329.26974645277,100226.01566344782,86949.9137705995
Deaths,India,Female,75 to 79,Ischemic heart disease,Number,2011,75170.68065203085,81552.44592751798,67827.40238579211
Deaths,India,Male,80 plus,Ischemic heart disease,Number,2011,123952.1010073804,135071.19232728492,109233.64870617
Deaths,India,Female,80 plus,Ischemic heart disease,Number,2011,104604.95931636615,116733.96512107304,92027.05421086337
Deaths,India,Male,40 to 44,Stroke,Number,2011,9366.46433686979,10107.514377993257,8716.958078862339
Deaths,India,Female,40 to 44,Stroke,Number,2011,5378.350771321285,5888.290289410883,4934.1480151904925
Deaths,India,Male,45 to 49,Stroke,Number,2011,13128.091937779742,14042.099845932893,12233.499838874402
Deaths,India,Female,45 to 49,Stroke,Number,2011,8640.68066961528,9363.696428458981,7961.770958043807
Deaths,India,Male,50 to 54,Stroke,Number,2011,21602.714264330716,23050.398367109658,20257.46907290577
Deaths,India,Female,50 to 54,Stroke,Number,2011,11691.010221439825,12604.022187518152,10840.914632760167
Deaths,India,Male,55 to 59,Stroke,Number,2011,27950.692113392033,29543.386848829316,26393.900446958585
Deaths,India,Female,55 to 59,Stroke,Number,2011,19208.120935346265,20354.24577619353,17890.071148161274
Deaths,India,Male,60 to 64,Stroke,Number,2011,44147.86563697463,46908.85022228102,41267.02880486944
Deaths,India,Female,60 to 64,Stroke,Number,2011,34282.12430726964,36752.36040271119,31646.046667239247
Deaths,India,Male,65 to 69,Stroke,Number,2011,54635.56925061785,58376.74251763283,50241.378954160304
Deaths,India,Female,65 to 69,Stroke,Number,2011,41765.20687694463,44914.03126291014,37623.529455478
Deaths,India,Male,70 to 74,Stroke,Number,2011,53460.59083280512,57529.76148755142,48680.98742582971
Deaths,India,Female,70 to 74,Stroke,Number,2011,45611.65490918069,49481.51663183303,41019.11223617765
Deaths,India,Male,75 to 79,Stroke,Number,2011,48220.59047537507,52509.88786944282,43830.27352342583
Deaths,India,Female,75 to 79,Stroke,Number,2011,46175.30880136301,50670.08014101566,41259.466615778954
Deaths,India,Male,80 plus,Stroke,Number,2011,49901.40805634466,55324.518583609155,43424.99130478016
Deaths,India,Female,80 plus,Stroke,Number,2011,51670.22778944133,58426.49612090071,45692.92715690162
Deaths,India,Male,40 to 44,Ischemic heart disease,Number,2015,34907.415328181276,36592.80077848062,33162.59938796343
Deaths,India,Female,40 to 44,Ischemic heart disease,Number,2015,15792.517677099571,17010.586414763566,14629.819782591323
Deaths,India,Male,45 to 49,Ischemic heart disease,Number,2015,53049.30210724159,55545.350302849925,50482.02162749532
Deaths,India,Female,45 to 49,Ischemic heart disease,Number,2015,21712.19457639776,23409.92561730255,20227.892722160024
Deaths,India,Male,50 to 54,Ischemic heart disease,Number,2015,67568.50624204682,70582.90432756286,64336.260144325934
Deaths,India,Female,50 to 54,Ischemic heart disease,Number,2015,36995.037798199526,39972.76554162427,34157.416890119384
Deaths,India,Male,55 to 59,Ischemic heart disease,Number,2015,97366.44727809777,101907.4345626148,92293.92612324138
Deaths,India,Female,55 to 59,Ischemic heart disease,Number,2015,46735.74283080224,49713.48996899053,43440.72781280043
Deaths,India,Male,60 to 64,Ischemic heart disease,Number,2015,104547.36494961269,108878.32139459858,99533.6304364435
Deaths,India,Female,60 to 64,Ischemic heart disease,Number,2015,61381.76498123255,65703.94829533416,56641.05303796237
Deaths,India,Male,65 to 69,Ischemic heart disease,Number,2015,107583.60784558512,112838.47147790519,101135.58160263544
Deaths,India,Female,65 to 69,Ischemic heart disease,Number,2015,69926.6652354632,75028.01611759562,63078.502838162596
Deaths,India,Male,70 to 74,Ischemic heart disease,Number,2015,109883.35829792182,115691.85514690701,102376.25285013104
Deaths,India,Female,70 to 74,Ischemic heart disease,Number,2015,82243.16309260509,88179.73048022145,73439.4433977556
Deaths,India,Male,75 to 79,Ischemic heart disease,Number,2015,96300.36660546697,101977.70341145163,89242.77094044263
Deaths,India,Female,75 to 79,Ischemic heart disease,Number,2015,81458.07882287032,87580.23577517278,73332.7918037714
Deaths,India,Male,80 plus,Ischemic heart disease,Number,2015,150510.07076925592,161381.60279043484,135205.0071972091
Deaths,India,Female,80 plus,Ischemic heart disease,Number,2015,149411.8032989472,161279.33211472462,130471.03716616912
Deaths,India,Male,40 to 44,Stroke,Number,2015,8780.79708018404,9538.946001193184,8084.509547733926
Deaths,India,Female,40 to 44,Stroke,Number,2015,6547.485799612585,7174.828085742048,5944.869465148524
Deaths,India,Male,45 to 49,Stroke,Number,2015,13862.74550208393,14951.358931468647,12778.82791980393
Deaths,India,Female,45 to 49,Stroke,Number,2015,10501.7995763146,11441.479732153817,9657.27100971398
Deaths,India,Male,50 to 54,Stroke,Number,2015,21701.204846325578,23289.821795944914,20186.232465287194
Deaths,India,Female,50 to 54,Stroke,Number,2015,19865.5921456048,21589.459056328873,18284.868901927606
Deaths,India,Male,55 to 59,Stroke,Number,2015,35777.090870830245,38036.51338795249,33452.461937604225
Deaths,India,Female,55 to 59,Stroke,Number,2015,25552.310669147864,27356.820279210653,23620.646927865117
Deaths,India,Male,60 to 64,Stroke,Number,2015,46216.077837264,49249.76553472465,43242.40635303535
Deaths,India,Female,60 to 64,Stroke,Number,2015,40827.162013262605,44052.98441779426,37228.58414650638
Deaths,India,Male,65 to 69,Stroke,Number,2015,55754.79415111297,59597.64866536325,51707.62771769024
Deaths,India,Female,65 to 69,Stroke,Number,2015,47498.71647114111,51556.79080765132,42713.28960415229
Deaths,India,Male,70 to 74,Stroke,Number,2015,55046.93612216954,59280.41730466155,50716.44252108026
Deaths,India,Female,70 to 74,Stroke,Number,2015,52217.785981356225,56914.74588658819,46616.329407394776
Deaths,India,Male,75 to 79,Stroke,Number,2015,47739.458759731955,51505.73857256435,43574.5537709513
Deaths,India,Female,75 to 79,Stroke,Number,2015,49289.13363367284,53835.01452147057,44207.501504787426
Deaths,India,Male,80 plus,Stroke,Number,2015,57848.61587045784,63166.51374908777,51765.2539408721
Deaths,India,Female,80 plus,Stroke,Number,2015,72285.76116213205,79169.09619635611,63294.3188777748
Deaths,India,Male,40 to 44,Ischemic heart disease,Number,2008,32353.93358994998,34034.482386420816,30827.818578665283
Deaths,India,Female,40 to 44,Ischemic heart disease,Number,2008,11107.492257571008,12021.954472856502,10293.465695204186
Deaths,India,Male,45 to 49,Ischemic heart disease,Number,2008,44227.42914334972,46331.95979850633,42005.54970763761
Deaths,India,Female,45 to 49,Ischemic heart disease,Number,2008,14298.714433290279,15361.07795180327,13390.296525237092
Deaths,India,Male,50 to 54,Ischemic heart disease,Number,2008,57176.88044829814,59639.38044277471,54195.32452109181
Deaths,India,Female,50 to 54,Ischemic heart disease,Number,2008,17203.52402204037,18446.650497111284,16080.778146024293
Deaths,India,Male,55 to 59,Ischemic heart disease,Number,2008,61382.61276041447,64637.31285598393,58309.23608445623
Deaths,India,Female,55 to 59,Ischemic heart disease,Number,2008,29106.392145891994,31079.582323067425,27238.991980882234
Deaths,India,Male,60 to 64,Ischemic heart disease,Number,2008,84289.46711271345,88416.45070109844,79593.4139529255
Deaths,India,Female,60 to 64,Ischemic heart disease,Number,2008,45444.29478965635,48524.53317552279,42062.44186637575
Deaths,India,Male,65 to 69,Ischemic heart disease,Number,2008,88952.7674960587,94281.34488722893,82354.0505553925
Deaths,India,Female,65 to 69,Ischemic heart disease,Number,2008,53947.23008379119,57729.91104640059,49078.47310175991
Deaths,India,Male,70 to 74,Ischemic heart disease,Number,2008,89432.81564472882,95483.58846927749,81653.1716415967
Deaths,India,Female,70 to 74,Ischemic heart disease,Number,2008,61348.00216396722,66692.41690863622,55358.42840617191
Deaths,India,Male,75 to 79,Ischemic heart disease,Number,2008,82137.49392983172,87551.36774944585,74729.04025056936
Deaths,India,Female,75 to 79,Ischemic heart disease,Number,2008,62211.476339370885,67536.4910950711,55217.1187433867
Deaths,India,Male,80 plus,Ischemic heart disease,Number,2008,97731.13882117918,106088.3087732968,85408.22675762618
Deaths,India,Female,80 plus,Ischemic heart disease,Number,2008,83467.56344195447,91971.51311689541,72310.17070917902
Deaths,India,Male,40 to 44,Stroke,Number,2008,8883.880501744232,9563.924481119828,8267.866588902089
Deaths,India,Female,40 to 44,Stroke,Number,2008,5059.312224319424,5553.648170673441,4645.524100721972
Deaths,India,Male,45 to 49,Stroke,Number,2008,12215.472531830788,13045.070098621183,11408.52990239802
Deaths,India,Female,45 to 49,Stroke,Number,2008,7408.06705698056,8022.080024414533,6847.513523119968
Deaths,India,Male,50 to 54,Stroke,Number,2008,19164.413867506835,20430.81999005317,17865.597038150965
Deaths,India,Female,50 to 54,Stroke,Number,2008,9521.92535607604,10313.69361573688,8855.165506246694
Deaths,India,Male,55 to 59,Stroke,Number,2008,23468.27939562106,25001.035575132482,22100.6087958423
Deaths,India,Female,55 to 59,Stroke,Number,2008,16897.38981226014,18061.051564072888,15649.715360727634
Deaths,India,Male,60 to 64,Stroke,Number,2008,39667.10356007673,42306.786303186986,36922.97595140452
Deaths,India,Female,60 to 64,Stroke,Number,2008,31076.56896424142,33328.33212183547,28589.336698835148
Deaths,India,Male,65 to 69,Stroke,Number,2008,49492.943436096444,53254.38975222327,45138.234952636085
Deaths,India,Female,65 to 69,Stroke,Number,2008,39076.637605778014,42048.163865744405,35365.87554506275
Deaths,India,Male,70 to 74,Stroke,Number,2008,48925.02476675002,52719.15657328508,44466.95012900784
Deaths,India,Female,70 to 74,Stroke,Number,2008,42978.22209133373,46879.911732804474,38716.16573386772
Deaths,India,Male,75 to 79,Stroke,Number,2008,45378.76699692466,49222.605451572505,40920.67765897167
Deaths,India,Female,75 to 79,Stroke,Number,2008,41139.16807354669,45006.07580139468,36533.39980441567
Deaths,India,Male,80 plus,Stroke,Number,2008,43622.35477407427,47965.61793885618,37451.634827022055
Deaths,India,Female,80 plus,Stroke,Number,2008,45681.369196701904,50827.19858117981,39680.473256513644
Deaths,India,Male,40 to 44,All causes,Number,2014,200525.84932253615,204809.45067641186,196145.8884826249
Deaths,India,Female,40 to 44,All causes,Number,2014,119462.87091516145,122415.39893464769,116789.96381794754
Deaths,India,Male,45 to 49,All causes,Number,2014,247384.97096644875,252847.1985226009,241758.98127304585
Deaths,India,Female,45 to 49,All causes,Number,2014,133697.80968620916,136615.33543061014,130988.0296227719
Deaths,India,Male,50 to 54,All causes,Number,2014,283170.00176331546,289385.4908011527,276891.0785135344
Deaths,India,Female,50 to 54,All causes,Number,2014,210793.45188811515,215364.20810875003,206557.75989588836
Deaths,India,Male,55 to 59,All causes,Number,2014,382131.2019504388,389558.049243679,374588.5362009835
Deaths,India,Female,55 to 59,All causes,Number,2014,243669.76081894318,249317.60650201497,238546.12804071815
Deaths,India,Male,60 to 64,All causes,Number,2014,453661.2019935344,461669.1223423354,445154.5225515098
Deaths,India,Female,60 to 64,All causes,Number,2014,340467.49446864537,348058.75136017427,333632.3608359268
Deaths,India,Male,65 to 69,All causes,Number,2014,514564.53198881884,523225.1898324958,505465.56311680144
Deaths,India,Female,65 to 69,All causes,Number,2014,393570.82833416114,402259.0864863817,385995.0539251749
Deaths,India,Male,70 to 74,All causes,Number,2014,538978.0153136139,547983.0907098502,529409.1962297976
Deaths,India,Female,70 to 74,All causes,Number,2014,480918.79556167556,491131.80637002253,471697.15014181926
Deaths,India,Male,75 to 79,All causes,Number,2014,492311.39908374386,500703.68324433634,483590.60935001686
Deaths,India,Female,75 to 79,All causes,Number,2014,482848.38255502365,493602.1889008254,473601.70194350503
Deaths,India,Male,80 plus,All causes,Number,2014,740233.8232612618,750374.6550052267,729757.7522095516
Deaths,India,Female,80 plus,All causes,Number,2014,865500.7347187628,880179.0142342215,852432.6916607254
Deaths,India,Male,40 to 44,Ischemic heart disease,Number,2012,36876.9889378593,38610.6769931608,35124.16339695982
Deaths,India,Female,40 to 44,Ischemic heart disease,Number,2012,12960.428061003939,13903.012867690086,12090.010652175855
Deaths,India,Male,45 to 49,Ischemic heart disease,Number,2012,52414.890150076775,54937.50229842104,49804.15363031457
Deaths,India,Female,45 to 49,Ischemic heart disease,Number,2012,17968.019857807605,19071.29636625201,16814.61240931377
Deaths,India,Male,50 to 54,Ischemic heart disease,Number,2012,69591.12229814526,72556.34497866663,66320.00149858276
Deaths,India,Female,50 to 54,Ischemic heart disease,Number,2012,24816.963718105882,26343.784523409748,23228.065846186706
Deaths,India,Male,55 to 59,Ischemic heart disease,Number,2012,84307.82770152227,88065.79432066958,79838.5853126873
Deaths,India,Female,55 to 59,Ischemic heart disease,Number,2012,36824.785587891805,38895.29303839635,34320.65108635935
Deaths,India,Male,60 to 64,Ischemic heart disease,Number,2012,105113.96896464254,109306.95752658544,99965.1280003003
Deaths,India,Female,60 to 64,Ischemic heart disease,Number,2012,52935.06429918917,56455.19190113612,48727.2109788859
Deaths,India,Male,65 to 69,Ischemic heart disease,Number,2012,109526.99014571328,114691.28094502585,102492.00364984489
Deaths,India,Female,65 to 69,Ischemic heart disease,Number,2012,61292.29458186134,65793.4962649153,55492.07610080439
Deaths,India,Male,70 to 74,Ischemic heart disease,Number,2012,110296.17357642356,116105.79681760275,101851.60406202987
Deaths,India,Female,70 to 74,Ischemic heart disease,Number,2012,72392.07405885721,77463.30748002738,65049.031941058915
Deaths,India,Male,75 to 79,Ischemic heart disease,Number,2012,96791.7599087275,103112.50284520388,89635.92907709669
Deaths,India,Female,75 to 79,Ischemic heart disease,Number,2012,75892.69392170392,82078.45808271931,68691.22052575793
Deaths,India,Male,80 plus,Ischemic heart disease,Number,2012,133818.21065161572,145078.06476230535,119039.88030875317
Deaths,India,Female,80 plus,Ischemic heart disease,Number,2012,114378.21838059368,126570.82177896301,100843.88184711589
Deaths,India,Male,40 to 44,Stroke,Number,2012,9513.442109031215,10251.32598718762,8852.292495808531
Deaths,India,Female,40 to 44,Stroke,Number,2012,5477.165455850972,5997.095790050037,5029.784240265771
Deaths,India,Male,45 to 49,Stroke,Number,2012,13646.89355973095,14634.61762673676,12732.486610280865
Deaths,India,Female,45 to 49,Stroke,Number,2012,8844.973430411135,9512.554076003102,8192.586665750969
Deaths,India,Male,50 to 54,Stroke,Number,2012,22382.68007161603,23854.91264378326,21084.771143164773
Deaths,India,Female,50 to 54,Stroke,Number,2012,13178.975430920489,14103.824107519145,12242.626679089215
Deaths,India,Male,55 to 59,Stroke,Number,2012,31156.86671718741,32883.93476113225,29302.753067557853
Deaths,India,Female,55 to 59,Stroke,Number,2012,19879.175860249234,21030.540254584947,18449.530643123853
Deaths,India,Male,60 to 64,Stroke,Number,2012,45873.45929196289,48501.94709421162,43139.013068312874
Deaths,India,Female,60 to 64,Stroke,Number,2012,34947.68458307447,37412.43543881542,32103.47443494655
Deaths,India,Male,65 to 69,Stroke,Number,2012,57206.65746110086,60672.175019798284,52796.858851161895
Deaths,India,Female,65 to 69,Stroke,Number,2012,42037.61094717588,45254.24889415426,37889.633751185436
Deaths,India,Male,70 to 74,Stroke,Number,2012,55718.90177604654,59537.122625706,50846.49464663001
Deaths,India,Female,70 to 74,Stroke,Number,2012,45666.65454061211,49281.9892888032,40906.41031292402
Deaths,India,Male,75 to 79,Stroke,Number,2012,48875.0050029297,53085.48065020618,44566.009320365854
Deaths,India,Female,75 to 79,Stroke,Number,2012,45528.79397918599,49809.41734833054,40888.74355689913
Deaths,India,Male,80 plus,Stroke,Number,2012,52189.48733438586,57478.720178114716,45758.57162508954
Deaths,India,Female,80 plus,Stroke,Number,2012,54727.433592587426,61230.67935489441,48526.131757950985
Deaths,India,Male,40 to 44,All causes,Number,2011,214075.81299530866,218791.68464186383,209802.16655774805
Deaths,India,Female,40 to 44,All causes,Number,2011,110983.29650519154,113561.67092267152,108572.71624809559
Deaths,India,Male,45 to 49,All causes,Number,2011,243294.90987818022,248800.9156652624,238290.4965763597
Deaths,India,Female,45 to 49,All causes,Number,2011,119230.98699089645,121612.34010753564,117000.7586793093
Deaths,India,Male,50 to 54,All causes,Number,2011,283328.62182947836,289986.4526454188,277205.7676457912
Deaths,India,Female,50 to 54,All causes,Number,2011,146800.25108661116,149991.15842632443,143849.04812345616
Deaths,India,Male,55 to 59,All causes,Number,2011,316526.27906789014,323253.5265331411,310150.31942940253
Deaths,India,Female,55 to 59,All causes,Number,2011,203858.79029683408,208737.64429395416,199549.70920369358
Deaths,India,Male,60 to 64,All causes,Number,2011,441071.4018071933,449837.02165419003,433061.90808835364
Deaths,India,Female,60 to 64,All causes,Number,2011,308572.1878417564,315454.7577367059,302490.52989596786
Deaths,India,Male,65 to 69,All causes,Number,2011,499319.56908907584,508700.73683654953,490782.3314636684
Deaths,India,Female,65 to 69,All causes,Number,2011,355223.60845872964,362669.3548243804,348706.76483900624
Deaths,India,Male,70 to 74,All causes,Number,2011,523955.6081486528,533427.8398365523,515362.65796588286
Deaths,India,Female,70 to 74,All causes,Number,2011,438067.18831327313,446865.06451846496,430120.19298292574
Deaths,India,Male,75 to 79,All causes,Number,2011,493180.70572076325,501911.7214188804,484892.6649991169
Deaths,India,Female,75 to 79,All causes,Number,2011,464198.0417032389,473624.8119381928,455554.2259909877
Deaths,India,Male,80 plus,All causes,Number,2011,667020.1097850266,676565.2732936239,658282.3312636312
Deaths,India,Female,80 plus,All causes,Number,2011,699468.5622473178,710823.1433642517,689360.2526654324
Deaths,India,Male,40 to 44,Ischemic heart disease,Number,2016,35625.05705884679,37490.530980154086,33669.926397731026
Deaths,India,Female,40 to 44,Ischemic heart disease,Number,2016,16321.818229713384,17604.386308532376,15152.856229916908
Deaths,India,Male,45 to 49,Ischemic heart disease,Number,2016,54510.891732022144,57178.017847819,51676.828684344226
Deaths,India,Female,45 to 49,Ischemic heart disease,Number,2016,22368.157796964057,24075.862305057486,20821.029743851694
Deaths,India,Male,50 to 54,Ischemic heart disease,Number,2016,69318.55573385498,72606.65204263518,65999.86568619218
Deaths,India,Female,50 to 54,Ischemic heart disease,Number,2016,38763.04054374709,41729.132873602,35810.45712180523
Deaths,India,Male,55 to 59,Ischemic heart disease,Number,2016,100484.49519291939,105385.30226601496,95305.76001199256
Deaths,India,Female,55 to 59,Ischemic heart disease,Number,2016,48906.33003875984,52096.76010900212,45174.87129763264
Deaths,India,Male,60 to 64,Ischemic heart disease,Number,2016,106487.22746441646,111039.76938579582,101377.7515645545
Deaths,India,Female,60 to 64,Ischemic heart disease,Number,2016,62982.71301629908,67582.90704406417,57925.10336189436
Deaths,India,Male,65 to 69,Ischemic heart disease,Number,2016,112919.4870203222,118503.13019711412,106312.53000784833
Deaths,India,Female,65 to 69,Ischemic heart disease,Number,2016,73966.9612266557,79791.43516991519,66597.77988094796
Deaths,India,Male,70 to 74,Ischemic heart disease,Number,2016,113095.99854206464,119220.8405679395,105599.32237805061
Deaths,India,Female,70 to 74,Ischemic heart disease,Number,2016,84749.10846976958,91111.5531006797,75386.05258506289
Deaths,India,Male,75 to 79,Ischemic heart disease,Number,2016,100035.76197472688,106027.4848536387,92874.54118000399
Deaths,India,Female,75 to 79,Ischemic heart disease,Number,2016,83405.9299698442,89636.23443628308,74907.45529871812
Deaths,India,Male,80 plus,Ischemic heart disease,Number,2016,157503.56343050092,168603.23275492789,141485.13291758974
Deaths,India,Female,80 plus,Ischemic heart disease,Number,2016,160036.48494867366,172670.67237196595,139338.67783218058
Deaths,India,Male,40 to 44,Stroke,Number,2016,9073.680002280731,9871.422119215356,8297.471937597627
Deaths,India,Female,40 to 44,Stroke,Number,2016,6694.129990612904,7333.717815824548,6079.310326503281
Deaths,India,Male,45 to 49,Stroke,Number,2016,13754.24560918254,14857.202847263992,12670.128518533355
Deaths,India,Female,45 to 49,Stroke,Number,2016,10754.047326333799,11728.181849669254,9872.63140511483
Deaths,India,Male,50 to 54,Stroke,Number,2016,22104.71333184656,23841.16517036328,20455.730852659766
Deaths,India,Female,50 to 54,Stroke,Number,2016,20762.7283368022,22530.78961879278,19044.61418993295
Deaths,India,Male,55 to 59,Stroke,Number,2016,36995.23472223863,39413.76062963679,34503.64836177831
Deaths,India,Female,55 to 59,Stroke,Number,2016,26841.78015163531,28859.449179005827,24782.72456679964
Deaths,India,Male,60 to 64,Stroke,Number,2016,46816.603783657,49885.478630047364,43454.68480890851
Deaths,India,Female,60 to 64,Stroke,Number,2016,41756.591859072236,45227.064680804295,38094.977597799836
Deaths,India,Male,65 to 69,Stroke,Number,2016,58538.22996014461,62603.66942790136,54251.068748293
Deaths,India,Female,65 to 69,Stroke,Number,2016,50078.279026031494,54606.43553627273,45091.49699622633
Deaths,India,Male,70 to 74,Stroke,Number,2016,56469.77492643801,60918.84239788994,51962.39572741135
Deaths,India,Female,70 to 74,Stroke,Number,2016,53571.23821320369,58587.755328800384,47704.40817818927
Deaths,India,Male,75 to 79,Stroke,Number,2016,49677.06451042494,53541.03639666046,45263.16123127428
Deaths,India,Female,75 to 79,Stroke,Number,2016,50255.71927393663,54894.695946947686,45043.76777054068
Deaths,India,Male,80 plus,Stroke,Number,2016,60759.1174557811,66287.39950147836,54437.80591179615
Deaths,India,Female,80 plus,Stroke,Number,2016,77375.7839423809,84624.21707737257,67373.70388378513
Deaths,India,Male,40 to 44,All causes,Number,2015,198494.2220923919,202935.427868678,193976.97054634572
Deaths,India,Female,40 to 44,All causes,Number,2015,125667.02085755105,128990.2149544949,122655.60018753893
Deaths,India,Male,45 to 49,All causes,Number,2015,249491.66338988004,255458.4395796049,243628.47694680394
Deaths,India,Female,45 to 49,All causes,Number,2015,140554.63367623635,143856.94210907014,137546.7796742976
Deaths,India,Male,50 to 54,All causes,Number,2015,282774.2792646517,289480.72740635695,276241.64696129033
Deaths,India,Female,50 to 54,All causes,Number,2015,238034.36048885714,243549.57792909382,232969.29703266374
Deaths,India,Male,55 to 59,All causes,Number,2015,402447.6053830624,411253.37881398347,393793.21441800724
Deaths,India,Female,55 to 59,All causes,Number,2015,263234.0561394003,269692.84473635413,257440.77210572845
Deaths,India,Male,60 to 64,All causes,Number,2015,458190.768072148,467566.34510432655,449228.86914798577
Deaths,India,Female,60 to 64,All causes,Number,2015,360375.8267117523,368888.9865949856,352600.46636052727
Deaths,India,Male,65 to 69,All causes,Number,2015,509454.56965222827,519452.8443750853,499679.6278969843
Deaths,India,Female,65 to 69,All causes,Number,2015,409385.93928169203,418954.7953683602,400788.11542982724
Deaths,India,Male,70 to 74,All causes,Number,2015,540309.672559669,550631.0924346683,530379.7374241858
Deaths,India,Female,70 to 74,All causes,Number,2015,507295.83383407444,518880.9378642261,496708.1608050409
Deaths,India,Male,75 to 79,All causes,Number,2015,491591.50909478945,500627.9347976082,482887.18032908876
Deaths,India,Female,75 to 79,All causes,Number,2015,491467.24228619225,502737.1235064043,481694.1288617527
Deaths,India,Male,80 plus,All causes,Number,2015,764379.6341607104,775378.2416992164,753630.3417016119
Deaths,India,Female,80 plus,All causes,Number,2015,937628.5991601628,952888.9052856242,922339.570054924
Deaths,India,Male,40 to 44,Ischemic heart disease,Number,2009,33564.13834663803,35292.77219783261,31922.387392498196
Deaths,India,Female,40 to 44,Ischemic heart disease,Number,2009,11647.98614090823,12537.189176579006,10820.045282159326
Deaths,India,Male,45 to 49,Ischemic heart disease,Number,2009,45857.37536072201,48050.18057699423,43593.18331309683
Deaths,India,Female,45 to 49,Ischemic heart disease,Number,2009,15323.128103059851,16344.247893165057,14328.201036387845
Deaths,India,Male,50 to 54,Ischemic heart disease,Number,2009,60691.59463589116,63437.32141670039,57662.75518909934
Deaths,India,Female,50 to 54,Ischemic heart disease,Number,2009,18244.784906366218,19418.866049023432,17055.88596848723
Deaths,India,Male,55 to 59,Ischemic heart disease,Number,2009,65245.545195448794,68318.0935026083,62255.68346037241
Deaths,India,Female,55 to 59,Ischemic heart disease,Number,2009,30169.893260853747,32285.40175753353,28305.5029650794
Deaths,India,Male,60 to 64,Ischemic heart disease,Number,2009,89017.3415150856,93132.989055755,84059.85468067469
Deaths,India,Female,60 to 64,Ischemic heart disease,Number,2009,46296.36583978709,49724.041488782714,43012.11205231179
Deaths,India,Male,65 to 69,Ischemic heart disease,Number,2009,94341.18446740377,99657.88631027265,87262.90222086277
Deaths,India,Female,65 to 69,Ischemic heart disease,Number,2009,55033.44347789711,58713.783585661375,49850.73188582698
Deaths,India,Male,70 to 74,Ischemic heart disease,Number,2009,94743.71490699938,100870.74580012776,86609.40544385061
Deaths,India,Female,70 to 74,Ischemic heart disease,Number,2009,64033.25849618085,69297.05063190499,57777.32906830227
Deaths,India,Male,75 to 79,Ischemic heart disease,Number,2009,86528.4467852779,92053.29000969321,79028.32512497326
Deaths,India,Female,75 to 79,Ischemic heart disease,Number,2009,65820.45862847162,71670.77530967277,58788.05989963263
Deaths,India,Male,80 plus,Ischemic heart disease,Number,2009,106317.82138686583,115809.64338123675,92669.91214194201
Deaths,India,Female,80 plus,Ischemic heart disease,Number,2009,88971.83684959808,98969.06585508105,78019.81620986313
Deaths,India,Male,40 to 44,All causes,Number,2008,209683.3598356308,214316.84328848287,205209.12420460713
Deaths,India,Female,40 to 44,All causes,Number,2008,108983.63118347147,111755.22772435658,106399.75927190327
Deaths,India,Male,45 to 49,All causes,Number,2008,231337.7926231854,236708.13797030126,226457.89945984833
Deaths,India,Female,45 to 49,All causes,Number,2008,111564.63166616796,114054.00917722775,109165.31124764876
Deaths,India,Male,50 to 54,All causes,Number,2008,262030.14256041546,268608.7379216122,255942.2424103701
Deaths,India,Female,50 to 54,All causes,Number,2008,128437.06277727368,131561.20675981964,125405.04971255916
Deaths,India,Male,55 to 59,All causes,Number,2008,274569.9968976149,280811.1237770681,268724.9349388922
Deaths,India,Female,55 to 59,All causes,Number,2008,183349.81261479983,188039.36894015668,178905.25211930025
Deaths,India,Male,60 to 64,All causes,Number,2008,400345.18650277704,408394.7230318452,392219.6918026174
Deaths,India,Female,60 to 64,All causes,Number,2008,282780.33666781324,289091.6458094944,276554.4998001339
Deaths,India,Male,65 to 69,All causes,Number,2008,454431.6537813126,462656.58117288415,445916.85646798596
Deaths,India,Female,65 to 69,All causes,Number,2008,341555.0131568556,349153.2981367592,334331.10685962293
Deaths,India,Male,70 to 74,All causes,Number,2008,476136.0483790851,484521.8918576593,467412.7399199646
Deaths,India,Female,70 to 74,All causes,Number,2008,412645.04171507974,421363.9786983228,404245.9662211647
Deaths,India,Male,75 to 79,All causes,Number,2008,455503.6964371187,463842.04040150356,447220.1307642339
Deaths,India,Female,75 to 79,All causes,Number,2008,409663.49001786625,418311.1961304834,401313.66998602473
Deaths,India,Male,80 plus,All causes,Number,2008,565889.5866117929,573948.3366720284,557915.6904268829
Deaths,India,Female,80 plus,All causes,Number,2008,590337.5622214996,599863.4551908234,580871.2155063387
Deaths,India,Male,40 to 44,Stroke,Number,2009,9013.946780523213,9733.487527597013,8377.633851839677
Deaths,India,Female,40 to 44,Stroke,Number,2009,5294.508509188999,5802.585717171226,4860.407651195307
Deaths,India,Male,45 to 49,Stroke,Number,2009,12517.971799502151,13414.995934170996,11683.666561366956
Deaths,India,Female,45 to 49,Stroke,Number,2009,7852.118490568338,8453.91203303166,7266.054420819482
Deaths,India,Male,50 to 54,Stroke,Number,2009,19780.72939894613,21130.946783491643,18513.04989984547
Deaths,India,Female,50 to 54,Stroke,Number,2009,10002.041127629527,10766.791135450629,9332.52261258275
Deaths,India,Male,55 to 59,Stroke,Number,2009,24668.45534148203,26190.842181291646,23236.58221639668
Deaths,India,Female,55 to 59,Stroke,Number,2009,17166.106610866795,18341.412098552948,15944.571897897167
Deaths,India,Male,60 to 64,Stroke,Number,2009,41020.4127597631,43785.746776900785,38207.348730272875
Deaths,India,Female,60 to 64,Stroke,Number,2009,31342.982564180344,33743.25532457676,28849.271636811045
Deaths,India,Male,65 to 69,Stroke,Number,2009,51480.79155007795,55156.17095308737,47213.95942704059
Deaths,India,Female,65 to 69,Stroke,Number,2009,39657.67393808438,42639.995782594175,35952.69058786229
Deaths,India,Male,70 to 74,Stroke,Number,2009,50538.425909516925,54444.709186883425,45865.16849639567
Deaths,India,Female,70 to 74,Stroke,Number,2009,43683.17130709444,47630.11421530546,39524.21776717218
Deaths,India,Male,75 to 79,Stroke,Number,2009,46736.5168691236,50705.962290663,42273.16651473019
Deaths,India,Female,75 to 79,Stroke,Number,2009,42536.53014090467,46701.23103955482,37781.248615561264
Deaths,India,Male,80 plus,Stroke,Number,2009,45865.42973723546,50659.77910302141,39462.63886247259
Deaths,India,Female,80 plus,Stroke,Number,2009,47114.59329905755,53006.528211938945,41135.367618321754
Deaths,India,Male,40 to 44,All causes,Number,2012,211421.47785069147,215735.27370256398,207148.88729625105
Deaths,India,Female,40 to 44,All causes,Number,2012,110431.22593690534,113021.43580644668,107980.27405332595
Deaths,India,Male,45 to 49,All causes,Number,2012,247996.10313773336,253221.2278135228,242870.49069756042
Deaths,India,Female,45 to 49,All causes,Number,2012,120454.69499991953,122888.3482082403,118144.57030843671
Deaths,India,Male,50 to 54,All causes,Number,2012,287976.28554851946,294315.4355916133,281663.44489114475
Deaths,India,Female,50 to 54,All causes,Number,2012,163925.8422241352,167471.65137435714,160590.06120768364
Deaths,India,Male,55 to 59,All causes,Number,2012,345733.47192877694,352615.0759327614,338655.04181390035
Deaths,India,Female,55 to 59,All causes,Number,2012,208824.22109880546,213682.166440665,204382.06080489903
Deaths,India,Male,60 to 64,All causes,Number,2012,452354.853568956,460852.72057179763,443736.85995825025
Deaths,India,Female,60 to 64,All causes,Number,2012,308210.1526837498,314861.0160166683,302221.51641254645
Deaths,India,Male,65 to 69,All causes,Number,2012,516183.77768046095,525185.7146861679,507192.1085105402
Deaths,India,Female,65 to 69,All causes,Number,2012,355978.26147999876,363326.2041453666,349331.84168033174
Deaths,India,Male,70 to 74,All causes,Number,2012,538288.9433419119,547179.4955525451,529062.6912549031
Deaths,India,Female,70 to 74,All causes,Number,2012,438185.4100137056,446725.52015356394,430300.3165097214
Deaths,India,Male,75 to 79,All causes,Number,2012,498841.87995958974,507202.5633111038,490243.6546010944
Deaths,India,Female,75 to 79,All causes,Number,2012,456348.31043791363,465692.4298353571,447836.203214392
Deaths,India,Male,80 plus,All causes,Number,2012,700695.2327455318,710384.8654765028,691207.809281451
Deaths,India,Female,80 plus,All causes,Number,2012,734404.836615292,746104.4708296043,723383.1947403451
Deaths,India,Male,40 to 44,Ischemic heart disease,Number,2013,35897.81638139604,37612.081540150575,34187.732176541496
Deaths,India,Female,40 to 44,Ischemic heart disease,Number,2013,13448.331003838171,14391.890668584061,12520.684748017064
Deaths,India,Male,45 to 49,Ischemic heart disease,Number,2013,52570.036643962165,55137.9873868302,49963.393963476774
Deaths,India,Female,45 to 49,Ischemic heart disease,Number,2013,18917.22875014225,20121.48244066917,17712.84299346801
Deaths,India,Male,50 to 54,Ischemic heart disease,Number,2013,69047.3722838377,72057.73452113723,65649.26521888626
Deaths,India,Female,50 to 54,Ischemic heart disease,Number,2013,28463.29849092277,30306.76891652159,26566.525967116402
Deaths,India,Male,55 to 59,Ischemic heart disease,Number,2013,90181.31451167005,94319.6200490371,85391.91660092816
Deaths,India,Female,55 to 59,Ischemic heart disease,Number,2013,39888.82353481586,42345.047089831874,37014.330325726834
Deaths,India,Male,60 to 64,Ischemic heart disease,Number,2013,104941.0951604481,109024.62129143134,99840.47406955673
Deaths,India,Female,60 to 64,Ischemic heart disease,Number,2013,55218.7657094858,59185.591657367506,50555.95223779912
Deaths,India,Male,65 to 69,Ischemic heart disease,Number,2013,110632.16901366199,115760.69073296852,103901.93742891926
Deaths,India,Female,65 to 69,Ischemic heart disease,Number,2013,64027.82536869838,69043.32434551418,57810.319025499964
Deaths,India,Male,70 to 74,Ischemic heart disease,Number,2013,110502.88496328505,116308.40164000851,102349.11519434648
Deaths,India,Female,70 to 74,Ischemic heart disease,Number,2013,74895.30287597419,80481.80893998574,67094.29826511284
Deaths,India,Male,75 to 79,Ischemic heart disease,Number,2013,96830.2249727203,102686.70024780768,89626.60324738553
Deaths,India,Female,75 to 79,Ischemic heart disease,Number,2013,76898.04564512019,82673.67093471989,69490.67175066752
Deaths,India,Male,80 plus,Ischemic heart disease,Number,2013,139820.2581958142,150049.38119709154,124803.49075864059
Deaths,India,Female,80 plus,Ischemic heart disease,Number,2013,124610.00546849292,136694.17985132438,109657.83732263507
Deaths,India,Male,40 to 44,Stroke,Number,2013,9229.045205195915,9959.178393909233,8554.273570125912
Deaths,India,Female,40 to 44,Stroke,Number,2013,5712.450543538212,6247.449083972986,5230.516073795564
Deaths,India,Male,45 to 49,Stroke,Number,2013,13768.940169981075,14810.920732426088,12821.08368706928
Deaths,India,Female,45 to 49,Stroke,Number,2013,9297.463497248751,10006.83008136644,8577.859111873437
Deaths,India,Male,50 to 54,Stroke,Number,2013,22136.502226019227,23570.37727776391,20766.562733781982
Deaths,India,Female,50 to 54,Stroke,Number,2013,15223.377080701252,16367.36198237358,14100.151426953385
Deaths,India,Male,55 to 59,Stroke,Number,2013,33314.81995360978,35280.84352934282,31278.07582828703
Deaths,India,Female,55 to 59,Stroke,Number,2013,21510.52937006428,22969.975572561914,19889.92724669521
Deaths,India,Male,60 to 64,Stroke,Number,2013,46152.126870364315,48943.02884609123,43331.640482568095
Deaths,India,Female,60 to 64,Stroke,Number,2013,36569.2968509797,39461.27768156223,33360.79915116023
Deaths,India,Male,65 to 69,Stroke,Number,2013,57810.7306685702,61578.79337770186,53627.1719493286
Deaths,India,Female,65 to 69,Stroke,Number,2013,44021.818039484315,47794.48020035803,39549.515187339726
Deaths,India,Male,70 to 74,Stroke,Number,2013,55908.68956188614,60016.5467595289,51207.529237767194
Deaths,India,Female,70 to 74,Stroke,Number,2013,47621.640815714,51815.170424091666,42439.654896473636
Deaths,India,Male,75 to 79,Stroke,Number,2013,48955.58657259063,53077.90596000756,44649.676823876944
Deaths,India,Female,75 to 79,Stroke,Number,2013,46548.79127339462,50811.43152040256,41860.181005638864
Deaths,India,Male,80 plus,Stroke,Number,2013,54590.67814373133,59592.147042072575,48394.515427634025
Deaths,India,Female,80 plus,Stroke,Number,2013,60058.49403267863,66403.73300400993,52968.961854916255
Deaths,India,Male,40 to 44,Stroke,Number,2017,9134.096070963573,9939.383545581493,8292.62621133112
Deaths,India,Female,40 to 44,Stroke,Number,2017,6737.849750680196,7370.879247205745,6098.966490228695
Deaths,India,Male,45 to 49,Stroke,Number,2017,13592.246519605455,14736.930776166757,12445.636671724447
Deaths,India,Female,45 to 49,Stroke,Number,2017,10806.164759245177,11828.595157697493,9875.258421507688
Deaths,India,Male,50 to 54,Stroke,Number,2017,22260.499932684623,24055.863054254074,20507.34760551483
Deaths,India,Female,50 to 54,Stroke,Number,2017,21129.826043723006,23028.2321025541,19345.288170259453
Deaths,India,Male,55 to 59,Stroke,Number,2017,37485.64084769027,40134.6748410125,34747.60402558904
Deaths,India,Female,55 to 59,Stroke,Number,2017,27313.42388182148,29446.283492269955,25195.237909573996
Deaths,India,Male,60 to 64,Stroke,Number,2017,47258.67287842454,50581.15258339329,43782.13626170857
Deaths,India,Female,60 to 64,Stroke,Number,2017,41781.29648282976,45192.771459284704,38113.339116161806
Deaths,India,Male,65 to 69,Stroke,Number,2017,60111.603776070915,64585.10943934587,55629.07875468141
Deaths,India,Female,65 to 69,Stroke,Number,2017,50891.90059642918,55142.58710420866,45837.25832921047
Deaths,India,Male,70 to 74,Stroke,Number,2017,57821.72694518333,62481.36948702533,53172.199990566034
Deaths,India,Female,70 to 74,Stroke,Number,2017,54288.50039685301,59074.42307509714,48367.99059437743
Deaths,India,Male,75 to 79,Stroke,Number,2017,51003.35839200747,55066.89686844078,46341.00132388341
Deaths,India,Female,75 to 79,Stroke,Number,2017,50136.07804341531,55013.367678359784,44853.04843767003
Deaths,India,Male,80 plus,Stroke,Number,2017,63467.54399000987,69266.16670640143,56930.245201975056
Deaths,India,Female,80 plus,Stroke,Number,2017,80656.58690923151,88693.6140924078,70401.66940623881
Deaths,India,Male,40 to 44,All causes,Number,2016,200793.92722604095,206007.91462317263,195573.51801403068
Deaths,India,Female,40 to 44,All causes,Number,2016,128231.32454220027,132086.16286476908,124599.44881294105
Deaths,India,Male,45 to 49,All causes,Number,2016,254084.48280906517,260746.4229041079,247245.8864367524
Deaths,India,Female,45 to 49,All causes,Number,2016,144239.94185113316,148087.3963478029,140685.86239076892
Deaths,India,Male,50 to 54,All causes,Number,2016,288947.02220933366,296556.2443126105,281228.6746257135
Deaths,India,Female,50 to 54,All causes,Number,2016,247802.68722236264,254444.80382441237,241699.54334666123
Deaths,India,Male,55 to 59,All causes,Number,2016,415005.8532823175,425024.2133815846,404843.51629824954
Deaths,India,Female,55 to 59,All causes,Number,2016,274134.47672237817,281272.07031234034,267266.36199242075
Deaths,India,Male,60 to 64,All causes,Number,2016,464839.2645858821,474969.5295376648,454448.8968367379
Deaths,India,Female,60 to 64,All causes,Number,2016,367471.58497986966,376736.1733974678,358638.72180547274
Deaths,India,Male,65 to 69,All causes,Number,2016,532903.237711748,544259.3174143601,521426.109273042
Deaths,India,Female,65 to 69,All causes,Number,2016,434194.34538227157,445331.4942774089,423818.64864196855
Deaths,India,Male,70 to 74,All causes,Number,2016,555374.5445933492,566700.7569125975,543651.1145803102
Deaths,India,Female,70 to 74,All causes,Number,2016,522626.6815057441,536172.8917784535,510062.25652371754
Deaths,India,Male,75 to 79,All causes,Number,2016,507575.1093825044,517722.8597630961,497472.7677355107
Deaths,India,Female,75 to 79,All causes,Number,2016,502369.50875712355,514727.26229806914,490591.2790109883
Deaths,India,Male,80 plus,All causes,Number,2016,796002.3193199582,808696.7395817108,784006.9472512165
Deaths,India,Female,80 plus,All causes,Number,2016,993377.8258756859,1012724.5208718334,974503.0884174553
Deaths,India,Male,40 to 44,Ischemic heart disease,Number,2017,35745.785401174915,37718.43713601805,33641.771437874864
Deaths,India,Female,40 to 44,Ischemic heart disease,Number,2017,16361.187849116108,17660.651522156528,15140.502944033378
Deaths,India,Male,45 to 49,Ischemic heart disease,Number,2017,54574.03839936498,57503.8807133811,51553.292690500995
Deaths,India,Female,45 to 49,Ischemic heart disease,Number,2017,22383.459264901296,24047.703432660495,20746.6712150819
Deaths,India,Male,50 to 54,Ischemic heart disease,Number,2017,69950.51752009154,73369.97947872858,66240.44579624517
Deaths,India,Female,50 to 54,Ischemic heart disease,Number,2017,39386.58211604928,42443.236033296205,36268.08174643329
Deaths,India,Male,55 to 59,Ischemic heart disease,Number,2017,101513.65882102922,106538.31214805094,95910.8516341399
Deaths,India,Female,55 to 59,Ischemic heart disease,Number,2017,49587.4806067965,52701.748061753045,45865.30969940954
Deaths,India,Male,60 to 64,Ischemic heart disease,Number,2017,107505.10543884423,112426.21147395138,102161.89130466848
Deaths,India,Female,60 to 64,Ischemic heart disease,Number,2017,63158.08807249095,67566.46515906761,58126.231768945276
Deaths,India,Male,65 to 69,Ischemic heart disease,Number,2017,115747.0447724784,121550.0927473362,108729.00502368718
Deaths,India,Female,65 to 69,Ischemic heart disease,Number,2017,75428.42679359937,80602.64689326554,68473.58251662004
Deaths,India,Male,70 to 74,Ischemic heart disease,Number,2017,116060.50494312121,123076.41933351701,107758.88322229798
Deaths,India,Female,70 to 74,Ischemic heart disease,Number,2017,85988.58644083352,92505.08095613845,76680.84799292545
Deaths,India,Male,75 to 79,Ischemic heart disease,Number,2017,102518.06728429082,108794.53259177382,95113.75772424301
Deaths,India,Female,75 to 79,Ischemic heart disease,Number,2017,83215.97680627674,89622.40399866817,74628.58663322192
Deaths,India,Male,80 plus,Ischemic heart disease,Number,2017,163722.93649812872,175046.84575423025,146746.9045642129
Deaths,India,Female,80 plus,Ischemic heart disease,Number,2017,166253.17407123814,179971.5208786909,145100.81371914494
